id,first_name,last_name,email,gender,ip_address
1,Margi,Ripon,mripon0@csmonitor.com,Genderfluid,195.37.123.9
2,Mose,Slowly,mslowly1@eventbrite.com,Genderfluid,15.161.206.135
3,Alick,Langman,alangman2@baidu.com,Male,9.132.208.215
4,Salvatore,Burnsell,sburnsell3@gizmodo.com,Genderfluid,252.5.48.215
5,Marylinda,Yoell,myoell4@washingtonpost.com,Non-binary,66.168.185.135
6,Hanny,Kilgrew,hkilgrew5@google.de,Female,156.163.181.57
7,Levy,Percy,lpercy6@51.la,Non-binary,107.218.221.196
8,Hanan,Muehle,hmuehle7@china.com.cn,Genderqueer,168.140.246.237
9,Traci,Myton,tmyton8@merriam-webster.com,Polygender,170.136.201.243
10,Livy,Robbins,lrobbins9@smh.com.au,Genderqueer,146.236.205.21
11,Ardath,Dalgardno,adalgardnoa@jigsy.com,Male,237.119.189.131
12,Betti,Marty,bmartyb@arstechnica.com,Bigender,38.208.7.185
13,Tristam,Bromidge,tbromidgec@yale.edu,Non-binary,93.57.156.244
14,Herc,Benazet,hbenazetd@twitter.com,Male,36.215.102.98
15,Jennilee,Twittey,jtwitteye@opensource.org,Non-binary,207.16.159.1
16,Isabelle,Aphale,iaphalef@theglobeandmail.com,Bigender,46.194.86.14
17,Pietra,Tathacott,ptathacottg@earthlink.net,Polygender,254.65.153.183
18,Damien,Lampart,dlamparth@tumblr.com,Agender,151.146.115.13
19,Sharline,Mussard,smussardi@microsoft.com,Genderqueer,144.73.79.117
20,Tiphanie,Hoolaghan,thoolaghanj@hatena.ne.jp,Genderfluid,218.95.119.94
21,Hy,Arlett,harlettk@opera.com,Bigender,8.172.212.7
22,Myron,Gainforth,mgainforthl@wufoo.com,Genderqueer,204.14.245.167
23,Zechariah,Jikylls,zjikyllsm@nytimes.com,Non-binary,26.193.212.251
24,Meridel,Lyard,mlyardn@free.fr,Agender,96.200.224.32
25,Glendon,Bellringer,gbellringero@salon.com,Genderqueer,84.154.167.61
26,Renate,Elesander,relesanderp@telegraph.co.uk,Non-binary,69.89.73.163
27,Ernie,Esterbrook,eesterbrookq@phpbb.com,Bigender,6.151.133.93
28,Barclay,Bonar,bbonarr@yahoo.co.jp,Male,58.91.153.111
29,Reg,Ridgway,rridgways@google.fr,Genderqueer,107.84.109.20
30,Bax,Kirwin,bkirwint@imgur.com,Non-binary,246.30.64.240
31,Blinni,Dowling,bdowlingu@skype.com,Non-binary,20.82.41.153
32,Raychel,Grealy,rgrealyv@seesaa.net,Non-binary,209.44.228.154
33,Ricca,Duplain,rduplainw@dailymail.co.uk,Genderqueer,135.68.107.98
34,Kiah,Longridge,klongridgex@shinystat.com,Genderfluid,20.189.193.13
35,Barnebas,Laughnan,blaughnany@reddit.com,Female,225.149.98.76
36,Ellene,Spurden,espurdenz@gravatar.com,Agender,84.69.68.69
37,Zsazsa,Debnam,zdebnam10@webnode.com,Non-binary,210.149.247.1
38,Lanni,Bowhay,lbowhay11@cyberchimps.com,Female,89.240.200.178
39,Glenda,Stowgill,gstowgill12@dagondesign.com,Bigender,218.116.93.173
40,Brit,Brittian,bbrittian13@oracle.com,Bigender,169.92.208.39
41,Marsh,McCerery,mmccerery14@patch.com,Bigender,195.252.103.122
42,Lon,Kalinowsky,lkalinowsky15@tiny.cc,Female,142.217.154.42
43,Olenka,Presidey,opresidey16@amazon.de,Female,196.186.62.115
44,George,Bradlaugh,gbradlaugh17@amazon.co.jp,Agender,224.123.45.174
45,Nappie,Costin,ncostin18@diigo.com,Genderfluid,205.38.17.170
46,Dolley,Speachley,dspeachley19@slate.com,Female,0.226.150.231
47,Avis,Geratasch,ageratasch1a@nhs.uk,Agender,255.144.97.39
48,Rudolf,Coonan,rcoonan1b@businessweek.com,Non-binary,20.50.231.19
49,Bard,McGougan,bmcgougan1c@networksolutions.com,Genderqueer,166.78.204.251
50,Caitlin,Drinnan,cdrinnan1d@smh.com.au,Non-binary,177.45.103.52
51,Ives,Leschelle,ileschelle1e@yandex.ru,Genderqueer,214.77.92.250
52,Hagen,Lubeck,hlubeck1f@craigslist.org,Non-binary,76.44.26.132
53,Nettle,Swigg,nswigg1g@multiply.com,Agender,139.139.33.150
54,Marshall,Quadling,mquadling1h@google.com.br,Genderfluid,64.116.232.250
55,Frederique,Ruddock,fruddock1i@auda.org.au,Male,251.208.106.61
56,Ara,Denisovich,adenisovich1j@squarespace.com,Polygender,39.125.169.222
57,Dayle,McLane,dmclane1k@apple.com,Non-binary,159.22.52.211
58,Ilyssa,McCuaig,imccuaig1l@angelfire.com,Female,37.81.113.88
59,Kinsley,MacGillicuddy,kmacgillicuddy1m@omniture.com,Genderqueer,58.171.69.8
60,Elbertine,Hallgalley,ehallgalley1n@rakuten.co.jp,Non-binary,187.177.220.169
61,Elna,Litherland,elitherland1o@hostgator.com,Non-binary,184.45.100.223
62,Gennifer,Blondel,gblondel1p@wordpress.com,Female,112.204.171.105
63,Myer,Bulstrode,mbulstrode1q@comcast.net,Genderqueer,255.231.176.61
64,Matilde,Senecaux,msenecaux1r@sohu.com,Bigender,151.48.104.118
65,Correna,Deane,cdeane1s@example.com,Bigender,1.170.25.114
66,Evan,Bruno,ebruno1t@icq.com,Male,209.253.70.135
67,Maxie,Lockier,mlockier1u@blog.com,Non-binary,125.189.94.124
68,Ingaborg,Hanbidge,ihanbidge1v@elegantthemes.com,Polygender,43.159.255.98
69,Valentina,Camoys,vcamoys1w@gnu.org,Genderfluid,93.124.232.108
70,Jedediah,Condliffe,jcondliffe1x@vkontakte.ru,Polygender,227.249.38.10
71,Brock,Yakebovich,byakebovich1y@unblog.fr,Genderqueer,191.115.252.214
72,Liesa,Catcheside,lcatcheside1z@google.pl,Genderqueer,184.66.109.135
73,Teddy,Glashby,tglashby20@virginia.edu,Non-binary,165.200.157.128
74,Pernell,Dare,pdare21@usda.gov,Agender,179.191.157.228
75,Elvis,Grzegorczyk,egrzegorczyk22@harvard.edu,Bigender,17.194.254.23
76,Oona,Delacote,odelacote23@ted.com,Bigender,32.149.211.208
77,Chic,Pabst,cpabst24@goodreads.com,Polygender,90.201.150.227
78,Gideon,Clavey,gclavey25@techcrunch.com,Polygender,242.163.237.124
79,Bertine,Woolfall,bwoolfall26@wikipedia.org,Agender,78.97.52.189
80,Raeann,L'Hommeau,rlhommeau27@engadget.com,Agender,194.161.66.37
81,Vic,Strivens,vstrivens28@123-reg.co.uk,Female,215.219.177.61
82,Gerardo,Theaker,gtheaker29@geocities.com,Agender,213.181.184.70
83,Jorrie,Lochrie,jlochrie2a@typepad.com,Female,252.85.214.213
84,Bernardo,Vasser,bvasser2b@bluehost.com,Genderfluid,159.243.110.169
85,Elonore,Skarman,eskarman2c@ezinearticles.com,Bigender,252.101.95.47
86,Brendan,Moorhouse,bmoorhouse2d@sogou.com,Female,12.110.78.151
87,Nicola,Nequest,nnequest2e@google.com.hk,Genderqueer,67.62.198.72
88,Jabez,Nissle,jnissle2f@squidoo.com,Agender,227.29.58.119
89,Zulema,Drage,zdrage2g@ca.gov,Female,197.215.159.124
90,Kenon,Kalinsky,kkalinsky2h@unesco.org,Genderfluid,105.73.139.15
91,Rosabel,Warder,rwarder2i@xing.com,Genderqueer,48.91.166.214
92,Broddy,Lille,blille2j@cnn.com,Genderfluid,47.249.86.49
93,Dalt,Snaddon,dsnaddon2k@hubpages.com,Non-binary,207.70.138.251
94,Keith,Kellett,kkellett2l@quantcast.com,Polygender,59.47.35.115
95,Mireille,Pavlitschek,mpavlitschek2m@so-net.ne.jp,Non-binary,6.183.189.70
96,Byrann,Meak,bmeak2n@ustream.tv,Bigender,201.4.27.190
97,Donnell,Shillitoe,dshillitoe2o@google.pl,Polygender,246.124.210.30
98,Seumas,St. Hill,ssthill2p@netscape.com,Bigender,187.80.109.130
99,Lanna,Pisculli,lpisculli2q@newyorker.com,Genderfluid,15.56.112.54
100,Layne,Harraway,lharraway2r@barnesandnoble.com,Genderqueer,18.38.180.174
101,Vanya,Clarycott,vclarycott2s@e-recht24.de,Male,151.200.244.96
102,Rozalin,O'Carrol,rocarrol2t@ebay.com,Agender,50.83.28.164
103,Marve,Duchasteau,mduchasteau2u@google.pl,Bigender,69.96.114.54
104,Roxine,Guerner,rguerner2v@zdnet.com,Genderqueer,245.65.113.35
105,Gabriello,Bastone,gbastone2w@dmoz.org,Male,187.118.194.151
106,Josefina,Steely,jsteely2x@sun.com,Genderqueer,17.213.108.55
107,Eve,Mazin,emazin2y@oracle.com,Non-binary,26.14.205.37
108,Kendall,O'Neil,koneil2z@quantcast.com,Male,148.117.190.217
109,Barnabas,Mullineux,bmullineux30@behance.net,Agender,138.93.89.63
110,Julissa,Ringwood,jringwood31@wiley.com,Female,42.133.172.214
111,Amalle,Caen,acaen32@feedburner.com,Bigender,190.185.10.126
112,Orren,D'Antonio,odantonio33@desdev.cn,Polygender,123.17.181.21
113,Frederica,Fetter,ffetter34@w3.org,Polygender,155.199.48.81
114,Walt,Clemonts,wclemonts35@flickr.com,Female,146.175.222.22
115,Ashley,Cromarty,acromarty36@smh.com.au,Female,224.111.66.90
116,Lula,Lottrington,llottrington37@etsy.com,Agender,211.18.124.106
117,Quincey,Vanacci,qvanacci38@dyndns.org,Agender,169.145.2.9
118,Daisie,Arlidge,darlidge39@bloomberg.com,Genderfluid,58.18.187.155
119,Tiffie,Hartright,thartright3a@drupal.org,Polygender,40.207.171.20
120,Ingeberg,Segrave,isegrave3b@unc.edu,Bigender,141.57.145.205
121,Olivia,Cobain,ocobain3c@delicious.com,Genderqueer,146.185.142.159
122,Mufinella,Styan,mstyan3d@jimdo.com,Female,224.240.32.108
123,Eduino,Torbet,etorbet3e@yahoo.co.jp,Non-binary,121.238.50.42
124,Elna,Partrick,epartrick3f@biblegateway.com,Non-binary,62.202.7.29
125,Davida,Tutton,dtutton3g@wikipedia.org,Bigender,93.86.43.1
126,Gunar,Brandham,gbrandham3h@cnn.com,Female,63.104.129.77
127,Paloma,Hilldrup,philldrup3i@flavors.me,Agender,97.22.20.61
128,Creight,Jellett,cjellett3j@nps.gov,Female,107.189.28.148
129,Lauryn,Mandre,lmandre3k@friendfeed.com,Genderqueer,94.229.142.148
130,Terra,Ottiwill,tottiwill3l@vkontakte.ru,Polygender,20.162.197.36
131,Dorette,Anthonies,danthonies3m@forbes.com,Genderfluid,242.124.239.74
132,Lynde,Humphries,lhumphries3n@mit.edu,Polygender,41.151.214.156
133,Rosanne,Gooders,rgooders3o@theatlantic.com,Polygender,204.63.211.149
134,Kipp,Abelevitz,kabelevitz3p@csmonitor.com,Genderfluid,237.22.68.91
135,Hallie,Clousley,hclousley3q@ox.ac.uk,Polygender,228.5.137.167
136,Alfred,Pollock,apollock3r@hostgator.com,Female,82.115.187.127
137,Isac,Myatt,imyatt3s@nsw.gov.au,Polygender,175.7.151.192
138,Adelbert,McKenna,amckenna3t@feedburner.com,Non-binary,177.164.21.107
139,Channa,Gartan,cgartan3u@istockphoto.com,Bigender,72.231.119.196
140,Arabella,Parlott,aparlott3v@nytimes.com,Female,192.216.98.133
141,Rolph,Waywell,rwaywell3w@oaic.gov.au,Genderqueer,84.219.234.167
142,Morgan,Stubbert,mstubbert3x@tumblr.com,Non-binary,119.80.245.244
143,Nora,Grimsdyke,ngrimsdyke3y@nature.com,Female,74.131.44.173
144,Betteanne,Hodgon,bhodgon3z@rediff.com,Bigender,39.133.32.178
145,Michaelina,Creber,mcreber40@dedecms.com,Male,162.252.131.22
146,Quintana,De Fraine,qdefraine41@wikipedia.org,Non-binary,28.12.74.14
147,Basilio,Muat,bmuat42@shop-pro.jp,Polygender,2.153.255.187
148,Rosamond,Aimson,raimson43@sfgate.com,Genderqueer,94.114.25.180
149,Ianthe,Stiff,istiff44@1688.com,Female,43.112.3.130
150,Zachariah,Statersfield,zstatersfield45@linkedin.com,Non-binary,37.51.99.159
151,Blake,Bottlestone,bbottlestone46@vkontakte.ru,Bigender,166.74.240.249
152,Far,Grabert,fgrabert47@last.fm,Female,116.25.77.176
153,Xenia,Spires,xspires48@webnode.com,Bigender,76.57.44.69
154,Kellby,Bloggett,kbloggett49@trellian.com,Polygender,48.173.168.81
155,Etienne,Edgeler,eedgeler4a@unc.edu,Non-binary,226.226.81.63
156,Leonie,Lias,llias4b@diigo.com,Polygender,7.29.156.237
157,Analise,Champion,achampion4c@devhub.com,Agender,199.80.153.229
158,Lurline,Eickhoff,leickhoff4d@netvibes.com,Genderfluid,120.249.212.42
159,Petey,Lawerence,plawerence4e@ocn.ne.jp,Male,23.129.126.188
160,Magnum,Dirand,mdirand4f@comsenz.com,Bigender,62.2.36.49
161,Beret,Pietruszka,bpietruszka4g@wsj.com,Agender,218.164.117.191
162,Winny,Manthorpe,wmanthorpe4h@purevolume.com,Agender,52.216.197.204
163,Marylee,McNirlan,mmcnirlan4i@people.com.cn,Male,38.102.199.183
164,Bradney,Comellini,bcomellini4j@omniture.com,Genderqueer,33.135.68.217
165,Hagen,Gillett,hgillett4k@a8.net,Polygender,11.246.45.38
166,Killie,Hawthorn,khawthorn4l@amazonaws.com,Male,34.137.128.133
167,Mirella,Hallas,mhallas4m@toplist.cz,Non-binary,223.219.96.77
168,Misty,Hillhouse,mhillhouse4n@businessweek.com,Bigender,205.58.180.203
169,Beitris,Reolfi,breolfi4o@cornell.edu,Genderqueer,155.127.231.86
170,Werner,Endrighi,wendrighi4p@meetup.com,Female,102.124.136.36
171,Gerianna,Millard,gmillard4q@ycombinator.com,Non-binary,41.176.1.15
172,Gibb,Collum,gcollum4r@wordpress.com,Genderqueer,235.217.92.236
173,Lilllie,Fassman,lfassman4s@psu.edu,Male,199.97.64.212
174,Benn,Arlidge,barlidge4t@yahoo.com,Male,232.21.147.228
175,Chuck,Dugan,cdugan4u@google.co.uk,Bigender,23.16.244.159
176,Abraham,Indge,aindge4v@spiegel.de,Agender,45.206.167.7
177,Thaine,Kalinovich,tkalinovich4w@ameblo.jp,Genderqueer,54.254.26.137
178,Carroll,Isaksson,cisaksson4x@nba.com,Bigender,204.9.108.37
179,Beatrice,Skewis,bskewis4y@scientificamerican.com,Genderfluid,122.27.231.251
180,Ania,Dewsbury,adewsbury4z@histats.com,Polygender,234.179.40.58
181,Modesta,Handy,mhandy50@dedecms.com,Non-binary,212.60.47.134
182,Kessia,Kefford,kkefford51@google.pl,Non-binary,152.16.96.102
183,Margaretta,Godfrey,mgodfrey52@flickr.com,Bigender,56.135.13.160
184,Jacintha,Woolacott,jwoolacott53@unblog.fr,Polygender,252.31.147.123
185,Lana,Jarmaine,ljarmaine54@yale.edu,Genderfluid,5.78.165.16
186,Hortensia,Blagden,hblagden55@fastcompany.com,Bigender,111.145.202.214
187,Derrek,Dallaway,ddallaway56@t.co,Bigender,123.99.191.84
188,Danica,Maase,dmaase57@hubpages.com,Female,233.61.66.24
189,Ulric,Kobel,ukobel58@cnbc.com,Genderfluid,97.170.77.40
190,Val,Soigne,vsoigne59@wsj.com,Non-binary,201.103.58.118
191,Janet,Roux,jroux5a@nsw.gov.au,Agender,227.180.238.193
192,Carree,Dennitts,cdennitts5b@fc2.com,Bigender,132.225.115.230
193,Danell,Deners,ddeners5c@time.com,Female,158.112.115.157
194,Alexandros,Studde,astudde5d@mozilla.com,Agender,206.236.17.39
195,Jacklin,Swallwell,jswallwell5e@bbc.co.uk,Polygender,235.86.124.63
196,Geoff,Belleny,gbelleny5f@a8.net,Female,183.93.118.127
197,Hall,Iggalden,higgalden5g@edublogs.org,Male,231.126.7.148
198,Blondelle,Taig,btaig5h@umn.edu,Female,55.136.22.62
199,Krysta,Pleven,kpleven5i@miitbeian.gov.cn,Agender,117.106.21.154
200,Jessa,Chansonne,jchansonne5j@cargocollective.com,Genderfluid,130.177.176.153
201,Herbie,Fleming,hfleming5k@usda.gov,Bigender,170.174.129.91
202,Gianni,Farndon,gfarndon5l@w3.org,Agender,146.193.191.233
203,Peta,Gomersal,pgomersal5m@webeden.co.uk,Genderqueer,21.127.252.55
204,Oswell,Ecclestone,oecclestone5n@pinterest.com,Polygender,235.229.234.8
205,Tessy,McIlhagga,tmcilhagga5o@dyndns.org,Non-binary,187.183.252.216
206,Hagan,Antham,hantham5p@cam.ac.uk,Agender,213.153.147.9
207,Lotti,Server,lserver5q@blinklist.com,Agender,69.79.160.176
208,Jasmin,Hasser,jhasser5r@whitehouse.gov,Female,148.192.253.184
209,Philippe,Bazoche,pbazoche5s@ca.gov,Agender,200.70.141.90
210,Reube,Ley,rley5t@hugedomains.com,Non-binary,47.229.153.253
211,Augustin,Grunson,agrunson5u@weibo.com,Genderfluid,107.131.193.138
212,Tamar,Randalson,trandalson5v@arstechnica.com,Non-binary,209.121.57.127
213,Rutherford,Wannop,rwannop5w@360.cn,Non-binary,248.245.20.60
214,Allie,MacLleese,amaclleese5x@cnet.com,Agender,4.44.37.68
215,Leta,McIlhatton,lmcilhatton5y@reverbnation.com,Female,132.33.15.90
216,Kevin,Cheves,kcheves5z@forbes.com,Polygender,59.184.87.221
217,Laurette,Collens,lcollens60@amazon.com,Genderqueer,203.58.249.34
218,Christos,Rogez,crogez61@bbb.org,Genderfluid,30.249.236.58
219,Flin,Dillintone,fdillintone62@mlb.com,Genderfluid,88.196.42.18
220,Rollins,Busson,rbusson63@unc.edu,Non-binary,204.30.141.15
221,Cacilia,Garrique,cgarrique64@washington.edu,Genderfluid,132.60.105.255
222,Storm,Gehrtz,sgehrtz65@oakley.com,Genderfluid,224.159.178.163
223,Peggi,Scholl,pscholl66@huffingtonpost.com,Non-binary,224.229.148.34
224,Lonee,Hancock,lhancock67@redcross.org,Genderqueer,108.247.235.149
225,Augustina,Wivell,awivell68@amazon.co.jp,Polygender,248.33.46.234
226,Federica,Magrannell,fmagrannell69@google.com.br,Female,75.27.44.92
227,Daryl,Mordan,dmordan6a@japanpost.jp,Non-binary,239.144.171.146
228,Axel,Hospital,ahospital6b@engadget.com,Male,29.94.141.29
229,Mata,Harlowe,mharlowe6c@paypal.com,Bigender,240.168.150.86
230,Leone,Fenimore,lfenimore6d@unblog.fr,Genderfluid,212.166.162.237
231,Jazmin,Goulbourn,jgoulbourn6e@samsung.com,Genderqueer,0.73.184.168
232,Matthus,Barlace,mbarlace6f@ted.com,Non-binary,133.86.253.188
233,Elisha,Hooban,ehooban6g@aol.com,Non-binary,235.129.16.144
234,Kean,Belfrage,kbelfrage6h@tinypic.com,Non-binary,83.27.85.238
235,Sheela,Sparham,ssparham6i@icq.com,Male,232.126.115.214
236,Dotty,Pither,dpither6j@cornell.edu,Polygender,38.166.7.141
237,Syd,Allwright,sallwright6k@fema.gov,Agender,8.174.54.12
238,Annecorinne,Echalie,aechalie6l@addthis.com,Non-binary,161.109.43.129
239,Sloane,Sherred,ssherred6m@umn.edu,Genderqueer,206.167.2.219
240,Garnette,Warfield,gwarfield6n@google.ca,Genderfluid,245.4.7.24
241,Justis,Brambill,jbrambill6o@umich.edu,Genderfluid,221.167.49.212
242,Craggy,Odams,codams6p@booking.com,Female,34.46.194.51
243,Emmie,Wolfit,ewolfit6q@bing.com,Agender,135.235.115.187
244,Ashbey,Antonsson,aantonsson6r@skyrock.com,Female,109.224.126.252
245,Rickey,Baigent,rbaigent6s@baidu.com,Agender,251.230.5.34
246,Hamlin,Schukraft,hschukraft6t@desdev.cn,Agender,64.53.145.83
247,Kacy,Panter,kpanter6u@reuters.com,Agender,20.87.159.201
248,Waneta,McCaig,wmccaig6v@ed.gov,Agender,159.36.122.144
249,Kurt,Rubinfajn,krubinfajn6w@ca.gov,Genderqueer,168.126.165.199
250,Jason,Bucham,jbucham6x@cam.ac.uk,Polygender,140.119.165.211
251,Niven,Sexten,nsexten6y@de.vu,Non-binary,19.254.85.62
252,Pam,Buckberry,pbuckberry6z@nih.gov,Non-binary,161.209.32.25
253,Deerdre,Niles,dniles70@godaddy.com,Female,26.102.80.96
254,Vasily,Dignam,vdignam71@php.net,Female,155.206.1.116
255,Korry,Dyton,kdyton72@rediff.com,Non-binary,212.70.124.49
256,Artie,Costigan,acostigan73@nsw.gov.au,Genderqueer,153.207.222.153
257,Mada,Ovenden,movenden74@barnesandnoble.com,Female,6.199.105.48
258,Anne-corinne,Klemmt,aklemmt75@cam.ac.uk,Polygender,145.195.202.76
259,Katerina,Gutowska,kgutowska76@pbs.org,Agender,11.130.92.116
260,Gwenni,Gahagan,ggahagan77@shutterfly.com,Agender,220.204.91.73
261,Rolfe,Allday,rallday78@ning.com,Bigender,59.170.244.3
262,Rod,Bullingham,rbullingham79@angelfire.com,Genderqueer,121.89.183.6
263,Murial,MacFaul,mmacfaul7a@photobucket.com,Male,91.211.70.249
264,Guy,Peaseman,gpeaseman7b@youku.com,Polygender,132.137.139.163
265,Evania,Creeboe,ecreeboe7c@yale.edu,Male,241.55.72.140
266,Urbanus,Shanklin,ushanklin7d@creativecommons.org,Male,21.252.191.14
267,Esmaria,Ollier,eollier7e@nydailynews.com,Bigender,20.64.168.68
268,Evania,Hearfield,ehearfield7f@facebook.com,Female,34.246.208.167
269,Egbert,Ventura,eventura7g@discuz.net,Genderqueer,180.39.4.254
270,Amandy,Gutowski,agutowski7h@salon.com,Female,87.4.181.157
271,Blanca,Eplett,beplett7i@amazon.co.uk,Genderfluid,32.19.75.21
272,Ophelia,Vorley,ovorley7j@nba.com,Genderqueer,29.224.83.50
273,Elise,Farmar,efarmar7k@vistaprint.com,Genderqueer,92.23.151.37
274,Milly,Atkins,matkins7l@booking.com,Non-binary,161.92.24.182
275,Thorndike,Padginton,tpadginton7m@usgs.gov,Male,44.221.247.36
276,Clem,Leggatt,cleggatt7n@networksolutions.com,Genderfluid,245.239.229.62
277,Roanna,Blanque,rblanque7o@xing.com,Agender,76.164.204.73
278,Libbi,Holberry,lholberry7p@hp.com,Non-binary,202.71.139.158
279,Birch,Ledes,bledes7q@blogger.com,Polygender,83.147.77.39
280,Lita,Risbridger,lrisbridger7r@wikia.com,Male,122.31.193.164
281,Juan,Straniero,jstraniero7s@uiuc.edu,Non-binary,58.14.121.79
282,Mehetabel,Heiden,mheiden7t@over-blog.com,Bigender,62.77.236.5
283,Zacharie,Aronoff,zaronoff7u@drupal.org,Female,69.111.103.246
284,Olivero,Bygott,obygott7v@com.com,Genderfluid,124.253.216.151
285,Laney,Glencrash,lglencrash7w@china.com.cn,Non-binary,84.165.218.44
286,Bertrando,Colter,bcolter7x@cyberchimps.com,Polygender,69.24.140.79
287,Essie,Atyeo,eatyeo7y@networkadvertising.org,Female,171.60.26.97
288,Luz,Stobbe,lstobbe7z@topsy.com,Bigender,146.180.95.138
289,Alys,Hinckes,ahinckes80@digg.com,Agender,178.69.41.10
290,Elvyn,Croal,ecroal81@ameblo.jp,Polygender,184.37.45.139
291,Mimi,MacNeilage,mmacneilage82@stumbleupon.com,Genderqueer,162.174.112.189
292,Fannie,Vallance,fvallance83@sakura.ne.jp,Non-binary,172.188.244.140
293,Weston,Swiers,wswiers84@un.org,Polygender,214.193.128.176
294,Dotti,Kilmaster,dkilmaster85@cnbc.com,Female,245.187.185.82
295,Antonino,Kiggel,akiggel86@simplemachines.org,Female,232.109.185.156
296,Grenville,Hannigan,ghannigan87@opera.com,Male,199.131.147.102
297,Jud,Tenwick,jtenwick88@sina.com.cn,Agender,126.212.187.15
298,Florri,Thurske,fthurske89@bravesites.com,Genderqueer,116.192.172.196
299,Gladys,Triner,gtriner8a@telegraph.co.uk,Non-binary,232.248.231.77
300,Pernell,Kopps,pkopps8b@eepurl.com,Bigender,234.41.123.62
301,Francis,Gorries,fgorries8c@example.com,Non-binary,53.113.166.20
302,Alexis,Ziem,aziem8d@scientificamerican.com,Male,252.241.33.249
303,Thacher,Fitzroy,tfitzroy8e@people.com.cn,Agender,81.47.208.236
304,Nancee,Engelmann,nengelmann8f@liveinternet.ru,Non-binary,72.216.177.215
305,Win,Causbey,wcausbey8g@purevolume.com,Agender,82.169.13.165
306,Neal,McKirdy,nmckirdy8h@ftc.gov,Genderqueer,71.227.226.248
307,Leanor,Rowsel,lrowsel8i@github.com,Agender,231.163.204.20
308,Laurie,Sainteau,lsainteau8j@dailymotion.com,Genderfluid,165.93.200.88
309,Danielle,Vannuchi,dvannuchi8k@xinhuanet.com,Bigender,57.25.144.182
310,Leigh,Lewsie,llewsie8l@angelfire.com,Female,102.208.84.248
311,Antoine,Hathorn,ahathorn8m@cnet.com,Genderfluid,179.188.12.171
312,Sterne,McGibbon,smcgibbon8n@devhub.com,Agender,6.79.55.216
313,Margaretta,Rollings,mrollings8o@guardian.co.uk,Bigender,114.242.188.148
314,Burke,Bresnen,bbresnen8p@constantcontact.com,Agender,138.140.57.219
315,Evy,McCaighey,emccaighey8q@ebay.com,Polygender,234.243.212.83
316,Isadora,Critoph,icritoph8r@g.co,Agender,60.112.137.235
317,Terrance,Edinburough,tedinburough8s@cdbaby.com,Polygender,209.251.111.120
318,Hermie,Myers,hmyers8t@ihg.com,Polygender,247.182.229.204
319,Tine,Atwel,tatwel8u@biblegateway.com,Male,251.181.73.214
320,Ketty,Whooley,kwhooley8v@sitemeter.com,Female,75.140.165.100
321,Chilton,Yanuk,cyanuk8w@cisco.com,Agender,52.90.129.233
322,Mylo,Bratt,mbratt8x@theglobeandmail.com,Female,8.173.183.20
323,Tybi,Guyon,tguyon8y@1und1.de,Agender,97.252.37.134
324,Archie,Borland,aborland8z@reddit.com,Male,254.133.62.216
325,Katalin,Oakshott,koakshott90@mysql.com,Agender,41.69.66.15
326,Lilian,Lenormand,llenormand91@booking.com,Agender,99.101.212.246
327,Darnall,Hek,dhek92@nasa.gov,Female,191.19.121.37
328,Florenza,Allnatt,fallnatt93@yale.edu,Female,48.182.81.147
329,Olga,Rizzolo,orizzolo94@businessinsider.com,Bigender,152.38.79.92
330,Bram,Growy,bgrowy95@amazonaws.com,Agender,122.119.66.193
331,Gunar,Stanway,gstanway96@alibaba.com,Male,197.164.98.47
332,Vince,Edleston,vedleston97@ebay.co.uk,Agender,70.77.34.37
333,Melamie,Paeckmeyer,mpaeckmeyer98@stumbleupon.com,Agender,132.114.164.74
334,Jeannette,Longson,jlongson99@rambler.ru,Female,241.111.22.82
335,Roddie,Lebbern,rlebbern9a@amazon.co.jp,Bigender,118.32.57.235
336,Dex,Deniseau,ddeniseau9b@msu.edu,Female,27.2.210.77
337,Barclay,Sloper,bsloper9c@lycos.com,Male,69.192.244.204
338,Carleton,Danelutti,cdanelutti9d@omniture.com,Agender,112.255.101.98
339,Ninetta,Atto,natto9e@yelp.com,Female,104.174.203.54
340,Andreana,Tulk,atulk9f@creativecommons.org,Genderqueer,125.146.152.243
341,Wilmer,Cheshire,wcheshire9g@free.fr,Genderfluid,104.18.8.2
342,Wesley,Westmorland,wwestmorland9h@tamu.edu,Bigender,218.48.111.197
343,Tammy,Zannutti,tzannutti9i@google.pl,Non-binary,21.113.37.226
344,Antoine,Struys,astruys9j@amazon.co.jp,Bigender,12.143.228.155
345,Taite,MacLaren,tmaclaren9k@devhub.com,Bigender,1.37.186.73
346,Bunny,Birkenshaw,bbirkenshaw9l@nbcnews.com,Non-binary,144.189.180.203
347,Carlotta,Cicero,ccicero9m@cocolog-nifty.com,Agender,40.18.75.79
348,Fernande,Jobern,fjobern9n@comcast.net,Genderqueer,220.8.184.140
349,Richart,Boxhill,rboxhill9o@soundcloud.com,Non-binary,187.217.149.233
350,Carol-jean,Peirson,cpeirson9p@nytimes.com,Female,184.16.124.203
351,Karee,Mapholm,kmapholm9q@dell.com,Non-binary,160.94.247.166
352,Booth,Arlt,barlt9r@irs.gov,Agender,116.51.173.61
353,Joni,Johannes,jjohannes9s@chron.com,Genderfluid,81.215.141.102
354,Jillene,O'Hanley,johanley9t@examiner.com,Non-binary,237.23.243.222
355,Fey,Murrock,fmurrock9u@dagondesign.com,Agender,190.131.73.164
356,Janeva,Camidge,jcamidge9v@howstuffworks.com,Genderfluid,19.21.0.149
357,Electra,Lorenc,elorenc9w@squidoo.com,Genderfluid,42.197.215.248
358,Teodora,Varvell,tvarvell9x@ask.com,Polygender,210.252.65.22
359,Fran,Santello,fsantello9y@chicagotribune.com,Male,96.142.140.97
360,Callean,Raddon,craddon9z@google.com.br,Bigender,47.138.83.15
361,Stavros,Swindley,sswindleya0@google.nl,Genderqueer,119.26.240.37
362,Chaunce,Betje,cbetjea1@prweb.com,Male,193.197.52.22
363,Seka,Hepher,shephera2@bing.com,Polygender,95.196.146.141
364,Bertha,While,bwhilea3@buzzfeed.com,Bigender,166.234.146.99
365,Aurilia,Jore,ajorea4@cyberchimps.com,Male,104.99.212.34
366,Raf,Verrills,rverrillsa5@auda.org.au,Bigender,210.226.209.30
367,Minny,Hallawell,mhallawella6@discuz.net,Genderqueer,210.190.97.69
368,Bradley,Seagar,bseagara7@friendfeed.com,Genderfluid,158.13.58.180
369,Jenine,Liepina,jliepinaa8@webs.com,Female,11.58.138.133
370,Carlynn,Andree,candreea9@cnbc.com,Bigender,34.43.179.218
371,Eduardo,Holdforth,eholdforthaa@newyorker.com,Agender,104.104.29.88
372,Nicol,Barzen,nbarzenab@unblog.fr,Bigender,43.98.235.208
373,Andrei,Twelftree,atwelftreeac@whitehouse.gov,Male,216.236.192.215
374,Jenilee,Younger,jyoungerad@devhub.com,Bigender,138.217.124.239
375,Trenna,Cuesta,tcuestaae@1688.com,Male,138.247.115.183
376,Barny,Kaes,bkaesaf@businesswire.com,Bigender,192.180.168.155
377,Loretta,Lapere,llapereag@mayoclinic.com,Male,54.94.2.35
378,Skipp,Brightie,sbrightieah@comsenz.com,Genderfluid,245.89.178.234
379,Barrie,Pharoah,bpharoahai@domainmarket.com,Polygender,190.119.30.218
380,Lamond,Maldin,lmaldinaj@nydailynews.com,Polygender,173.213.34.163
381,Tiebold,Lishmund,tlishmundak@washington.edu,Genderqueer,23.247.192.150
382,Justina,Erbe,jerbeal@home.pl,Male,218.81.2.112
383,Ignatius,Vasishchev,ivasishchevam@cloudflare.com,Female,5.161.124.140
384,Raff,Drews,rdrewsan@umn.edu,Non-binary,37.216.71.161
385,Mordy,Melluish,mmelluishao@theatlantic.com,Bigender,49.11.90.211
386,Mellie,Dayborne,mdayborneap@com.com,Non-binary,30.35.30.253
387,Edouard,Paice,epaiceaq@nbcnews.com,Genderfluid,2.153.224.121
388,Lura,McGuane,lmcguanear@nasa.gov,Genderfluid,223.86.180.208
389,Antons,Caven,acavenas@disqus.com,Male,121.168.194.153
390,Abramo,Stoop,astoopat@odnoklassniki.ru,Agender,118.127.150.113
391,Randell,Keggin,rkegginau@google.ru,Genderfluid,139.1.60.157
392,Yves,Seary,ysearyav@yolasite.com,Polygender,150.205.248.210
393,Jeno,Moncarr,jmoncarraw@booking.com,Bigender,93.142.225.107
394,Kermy,Moston,kmostonax@tripadvisor.com,Genderfluid,254.109.77.151
395,Alicea,Bowmen,abowmenay@foxnews.com,Male,248.161.85.53
396,Valaria,Strooband,vstroobandaz@vk.com,Agender,117.221.21.68
397,Rod,Kopman,rkopmanb0@foxnews.com,Polygender,85.220.29.74
398,Frannie,Setchfield,fsetchfieldb1@sun.com,Non-binary,123.225.16.18
399,Wernher,Moen,wmoenb2@pcworld.com,Bigender,58.20.17.149
400,Iolande,Taysbil,itaysbilb3@e-recht24.de,Bigender,252.91.138.11
401,Norene,Gealle,ngealleb4@topsy.com,Female,146.137.67.75
402,Derrek,Bleddon,dbleddonb5@taobao.com,Male,130.198.222.88
403,Manuel,Rooson,mroosonb6@google.de,Bigender,164.82.72.35
404,Myrtice,Nortcliffe,mnortcliffeb7@usa.gov,Genderqueer,173.238.134.136
405,Adolphe,Notman,anotmanb8@odnoklassniki.ru,Female,139.221.249.23
406,Worden,Pickerin,wpickerinb9@boston.com,Polygender,217.236.170.155
407,Vladimir,Willetts,vwillettsba@xing.com,Male,34.50.6.8
408,Bernadina,Gullan,bgullanbb@mashable.com,Female,103.88.126.123
409,Burnaby,Lagde,blagdebc@is.gd,Polygender,67.5.101.98
410,Queenie,Blabie,qblabiebd@statcounter.com,Bigender,75.251.189.8
411,Jeremias,Harpham,jharphambe@auda.org.au,Polygender,34.221.154.34
412,Ezmeralda,Ygou,eygoubf@tinypic.com,Genderfluid,209.245.12.7
413,Engracia,Bittlestone,ebittlestonebg@bravesites.com,Male,153.184.76.181
414,Deanne,Brelsford,dbrelsfordbh@google.com,Male,142.148.127.161
415,Sybyl,Camerati,scameratibi@freewebs.com,Genderfluid,110.64.111.112
416,Angil,Orsay,aorsaybj@newyorker.com,Non-binary,238.239.214.218
417,Alissa,de Quesne,adequesnebk@cam.ac.uk,Agender,40.7.65.251
418,Averill,Coenraets,acoenraetsbl@cbc.ca,Non-binary,193.108.178.135
419,Royce,Strugnell,rstrugnellbm@imageshack.us,Genderfluid,12.63.105.20
420,Jecho,Tremble,jtremblebn@youtu.be,Genderfluid,96.194.159.175
421,Shela,Caustick,scaustickbo@illinois.edu,Agender,120.177.80.253
422,Quinn,Tipper,qtipperbp@guardian.co.uk,Agender,0.186.102.174
423,Chase,Blenkensop,cblenkensopbq@newsvine.com,Male,4.44.141.13
424,Bourke,Brik,bbrikbr@tumblr.com,Male,82.136.19.139
425,Lula,Twidle,ltwidlebs@ameblo.jp,Polygender,102.211.36.123
426,Carry,Corton,ccortonbt@cbslocal.com,Bigender,225.206.58.13
427,Corina,Cockell,ccockellbu@bloomberg.com,Male,186.109.146.47
428,Susette,Dearing,sdearingbv@netscape.com,Agender,82.165.207.172
429,Beverlee,Cleve,bclevebw@slate.com,Bigender,249.215.181.213
430,Barrett,Giottoi,bgiottoibx@google.nl,Genderfluid,14.97.67.24
431,Morganne,Blest,mblestby@google.com.au,Bigender,140.16.223.71
432,Merrily,Pomfrey,mpomfreybz@tripod.com,Bigender,190.0.229.60
433,Sadye,Gallety,sgalletyc0@de.vu,Genderfluid,90.237.17.53
434,Nara,Glowacha,nglowachac1@google.cn,Genderfluid,17.153.195.134
435,Reinhold,Sircomb,rsircombc2@so-net.ne.jp,Polygender,66.145.254.135
436,Marget,Burnes,mburnesc3@google.pl,Genderfluid,223.9.72.201
437,Natalya,Cherryman,ncherrymanc4@tripod.com,Polygender,56.188.33.87
438,Dillie,Hannigan,dhanniganc5@tmall.com,Genderfluid,146.150.153.40
439,Joshuah,O'Haire,johairec6@java.com,Genderqueer,98.24.2.78
440,Lanae,Corbett,lcorbettc7@blinklist.com,Female,187.21.198.129
441,Reinhard,Rosendorf,rrosendorfc8@goo.ne.jp,Polygender,11.213.231.108
442,Shalna,Minney,sminneyc9@telegraph.co.uk,Female,85.135.96.123
443,Krishnah,Sibyllina,ksibyllinaca@google.cn,Male,255.242.126.246
444,Rob,Rollins,rrollinscb@istockphoto.com,Bigender,99.170.52.111
445,Nadya,Walewicz,nwalewiczcc@ebay.com,Genderqueer,27.174.75.0
446,Heloise,Bullar,hbullarcd@reddit.com,Female,231.127.245.12
447,Lennard,Crowson,lcrowsonce@sciencedirect.com,Bigender,67.7.60.65
448,Chick,Seczyk,cseczykcf@istockphoto.com,Genderqueer,67.235.143.137
449,Lacie,Barfield,lbarfieldcg@pagesperso-orange.fr,Non-binary,87.81.195.154
450,Aristotle,Cresar,acresarch@wikispaces.com,Female,138.164.70.58
451,Lillian,Stoute,lstouteci@youtube.com,Agender,99.150.228.62
452,Mitzi,Meakin,mmeakincj@boston.com,Agender,189.220.185.92
453,Roobbie,Haresnape,rharesnapeck@fema.gov,Bigender,142.139.15.78
454,Cobb,Reichert,creichertcl@artisteer.com,Genderfluid,159.52.105.84
455,Jeddy,Creany,jcreanycm@ca.gov,Genderfluid,113.27.42.101
456,Jeanie,Chafer,jchafercn@mayoclinic.com,Female,200.88.210.122
457,Othello,Ruddick,oruddickco@nytimes.com,Bigender,156.35.217.72
458,Gabbie,Sparrowe,gsparrowecp@123-reg.co.uk,Agender,134.22.37.216
459,Teador,Middlemass,tmiddlemasscq@clickbank.net,Bigender,84.181.218.105
460,Charin,McCaskill,cmccaskillcr@netlog.com,Genderfluid,32.66.2.204
461,Hunfredo,Caldaro,hcaldarocs@mayoclinic.com,Female,107.10.62.11
462,Fayre,McCambrois,fmccambroisct@eventbrite.com,Polygender,77.234.172.144
463,Yard,Peoples,ypeoplescu@hp.com,Genderfluid,255.231.97.14
464,Dylan,Wisden,dwisdencv@epa.gov,Bigender,211.170.212.238
465,Kissie,Burness,kburnesscw@boston.com,Male,119.36.161.0
466,Fancie,Vinnicombe,fvinnicombecx@wunderground.com,Bigender,65.199.249.130
467,Elsi,D'Agostini,edagostinicy@ihg.com,Genderqueer,100.73.28.237
468,Grantham,Longmaid,glongmaidcz@omniture.com,Polygender,2.101.106.171
469,Aldridge,Maltster,amaltsterd0@nytimes.com,Genderfluid,5.60.162.64
470,Carma,Binnell,cbinnelld1@yale.edu,Female,70.34.152.231
471,Loleta,Tape,ltaped2@t-online.de,Genderfluid,172.226.9.3
472,Forester,Bartosek,fbartosekd3@hexun.com,Bigender,171.7.138.118
473,Annabell,Banthorpe,abanthorped4@youku.com,Female,212.233.63.116
474,Tremain,Poser,tposerd5@buzzfeed.com,Non-binary,171.233.132.224
475,Ingemar,Hickisson,ihickissond6@woothemes.com,Polygender,134.221.81.103
476,Early,John,ejohnd7@rediff.com,Polygender,29.173.150.144
477,Delmore,Birkin,dbirkind8@army.mil,Polygender,12.19.73.55
478,Alain,Jestico,ajesticod9@businesswire.com,Polygender,153.36.239.132
479,Tabbi,Dankersley,tdankersleyda@abc.net.au,Genderqueer,119.48.50.22
480,Herb,Filler,hfillerdb@tinyurl.com,Female,146.221.228.208
481,Nicolai,Lammenga,nlammengadc@redcross.org,Non-binary,107.212.208.220
482,Crosby,Huws,chuwsdd@bing.com,Agender,70.32.234.225
483,Bunnie,Passo,bpassode@booking.com,Non-binary,173.78.86.123
484,Reece,Nother,rnotherdf@usgs.gov,Female,123.212.215.42
485,Son,Dilloway,sdillowaydg@twitter.com,Polygender,217.186.80.212
486,Thacher,Briscoe,tbriscoedh@printfriendly.com,Agender,217.171.72.162
487,Tracee,Shelsher,tshelsherdi@alibaba.com,Bigender,69.76.55.39
488,Karia,Peaple,kpeapledj@i2i.jp,Genderfluid,154.209.239.28
489,Gideon,Marcone,gmarconedk@fastcompany.com,Polygender,121.166.61.6
490,Udell,Itzhayek,uitzhayekdl@ft.com,Bigender,31.247.14.48
491,Nancie,Bruck,nbruckdm@home.pl,Bigender,165.73.117.72
492,Hazel,Frier,hfrierdn@bandcamp.com,Bigender,170.187.21.117
493,Clarita,MacGillivrie,cmacgillivriedo@va.gov,Genderqueer,227.149.166.119
494,Percy,Overnell,povernelldp@timesonline.co.uk,Male,158.154.1.74
495,Betti,Bows,bbowsdq@utexas.edu,Bigender,200.102.178.203
496,Caritta,Dripp,cdrippdr@hp.com,Female,61.142.244.81
497,Shayna,Poynzer,spoynzerds@hubpages.com,Female,240.156.252.70
498,Prudy,Johnstone,pjohnstonedt@intel.com,Polygender,62.231.236.122
499,Archibald,Klejin,aklejindu@uiuc.edu,Female,21.32.244.197
500,Daniella,Housego,dhousegodv@springer.com,Polygender,25.83.43.24
501,Jacinta,Isack,jisackdw@time.com,Male,231.159.44.132
502,Salomo,Grzelak,sgrzelakdx@ifeng.com,Female,235.67.71.77
503,Jordanna,Freed,jfreeddy@nyu.edu,Polygender,80.120.27.216
504,Rhona,Lezemere,rlezemeredz@house.gov,Polygender,2.5.212.92
505,Thorny,Fantham,tfanthame0@canalblog.com,Non-binary,96.112.46.220
506,Melvyn,Bachanski,mbachanskie1@mashable.com,Male,91.78.57.139
507,Kinsley,Abrashkin,kabrashkine2@clickbank.net,Agender,63.191.66.100
508,Edmon,Fann,efanne3@smh.com.au,Polygender,27.0.1.10
509,Charline,Sommer,csommere4@unblog.fr,Bigender,126.23.106.37
510,Vivianna,Leet,vleete5@microsoft.com,Non-binary,220.196.110.19
511,Cristionna,Elleyne,celleynee6@theglobeandmail.com,Non-binary,80.130.185.93
512,Cody,Canizares,ccanizarese7@quantcast.com,Polygender,235.123.244.33
513,Jolyn,Lintot,jlintote8@51.la,Genderqueer,38.180.212.253
514,Dimitry,de Bullion,ddebullione9@apple.com,Male,82.11.201.97
515,Georgena,Rippon,gripponea@tmall.com,Non-binary,159.130.103.40
516,Tommie,Seedull,tseedulleb@wiley.com,Agender,99.229.73.4
517,Craig,Chesson,cchessonec@google.es,Female,161.25.82.174
518,Niels,Stedson,nstedsoned@topsy.com,Female,100.67.19.146
519,Rolando,Reyburn,rreyburnee@springer.com,Non-binary,31.37.58.253
520,Denney,Brimson,dbrimsonef@google.ca,Bigender,9.141.134.3
521,Dollie,Girhard,dgirhardeg@blinklist.com,Non-binary,121.185.245.189
522,Alexine,Bwy,abwyeh@noaa.gov,Non-binary,68.160.36.71
523,Lauritz,Edmed,ledmedei@webmd.com,Female,139.102.83.183
524,Bruno,Feild,bfeildej@ft.com,Agender,110.91.216.127
525,Noland,McDuffy,nmcduffyek@smugmug.com,Male,82.176.198.250
526,Sebastian,Lattka,slattkael@cam.ac.uk,Bigender,127.151.180.163
527,Betsy,Faithfull,bfaithfullem@tuttocitta.it,Genderfluid,222.72.185.10
528,Artie,Annion,aannionen@vkontakte.ru,Female,190.194.199.252
529,Tan,Swyer-Sexey,tswyersexeyeo@google.com,Polygender,244.146.104.76
530,Albertina,Grabbam,agrabbamep@altervista.org,Male,116.11.1.237
531,Zandra,Mundall,zmundalleq@hatena.ne.jp,Male,139.205.108.18
532,Henrik,McClements,hmcclementser@ibm.com,Agender,1.149.168.159
533,Lorain,Cansdell,lcansdelles@rakuten.co.jp,Non-binary,111.145.196.95
534,Robinet,Evers,reverset@bravesites.com,Female,45.74.133.60
535,Sonja,Stanhope,sstanhopeeu@accuweather.com,Male,113.33.116.5
536,Addy,Clampton,aclamptonev@wisc.edu,Bigender,189.92.195.120
537,Edy,Stitcher,estitcherew@i2i.jp,Non-binary,70.244.189.203
538,Lorettalorna,Alvar,lalvarex@discovery.com,Genderfluid,8.104.127.215
539,Marika,Maharg,mmahargey@pinterest.com,Female,14.161.43.175
540,Bryan,Tartt,btarttez@unblog.fr,Bigender,66.55.48.160
541,Mayor,Morales,mmoralesf0@youku.com,Male,224.118.30.89
542,Eldon,Derobert,ederobertf1@icq.com,Bigender,115.227.33.204
543,Gawain,Medlen,gmedlenf2@icq.com,Male,164.62.89.96
544,Valery,MacBey,vmacbeyf3@livejournal.com,Agender,212.92.141.236
545,Gilles,Isakovic,gisakovicf4@google.com,Polygender,236.238.138.195
546,Angus,Alibone,aalibonef5@miibeian.gov.cn,Bigender,245.206.167.186
547,Monika,Mc Cahey,mmccaheyf6@reverbnation.com,Genderqueer,19.64.72.113
548,Berne,Gold,bgoldf7@squidoo.com,Non-binary,18.33.211.215
549,Boothe,Brewitt,bbrewittf8@ucoz.com,Genderfluid,137.106.101.185
550,Leelah,Dearnaley,ldearnaleyf9@amazon.com,Bigender,225.130.238.90
551,Jerrine,Messum,jmessumfa@youtube.com,Genderfluid,215.184.135.92
552,Barnaby,Tombs,btombsfb@dmoz.org,Male,154.192.101.165
553,Cris,Salvadore,csalvadorefc@joomla.org,Female,176.181.181.114
554,Dayna,Bomb,dbombfd@webnode.com,Female,140.136.29.97
555,Mannie,McMonnies,mmcmonniesfe@lulu.com,Male,134.24.220.205
556,Rori,Ciobutaro,rciobutaroff@sciencedaily.com,Non-binary,70.60.123.44
557,Farlie,Wormald,fwormaldfg@google.de,Agender,234.67.187.156
558,Robinet,Few,rfewfh@mozilla.com,Polygender,32.160.103.88
559,Patrizius,Crosswaite,pcrosswaitefi@patch.com,Female,81.248.116.84
560,Preston,Crebott,pcrebottfj@sohu.com,Non-binary,213.147.173.21
561,Devon,Domanek,ddomanekfk@thetimes.co.uk,Polygender,36.223.108.168
562,Mabel,Rickeard,mrickeardfl@barnesandnoble.com,Polygender,110.206.173.246
563,Tybie,Ramelot,tramelotfm@accuweather.com,Bigender,78.182.55.12
564,Rex,Rodders,rroddersfn@seesaa.net,Female,33.29.233.191
565,Bendicty,Nickoll,bnickollfo@prlog.org,Genderqueer,224.54.140.219
566,Juliann,Blogg,jbloggfp@ihg.com,Female,102.125.217.119
567,Foster,Burkin,fburkinfq@networksolutions.com,Genderfluid,77.175.74.125
568,Colby,Gillicuddy,cgillicuddyfr@howstuffworks.com,Genderfluid,211.18.243.120
569,Leo,Dewes,ldewesfs@washington.edu,Polygender,6.68.46.35
570,Fredrika,Nassey,fnasseyft@boston.com,Genderfluid,31.47.91.25
571,Merrile,O'Lehane,molehanefu@foxnews.com,Bigender,170.228.51.172
572,Tiff,Swigg,tswiggfv@slashdot.org,Agender,53.83.1.12
573,Kathlin,Lammertz,klammertzfw@reddit.com,Female,31.92.232.116
574,Merline,Pietruszka,mpietruszkafx@irs.gov,Male,101.122.95.232
575,Anny,Slack,aslackfy@ustream.tv,Genderfluid,19.221.79.76
576,Maxi,Sheppard,msheppardfz@businesswire.com,Male,136.140.137.29
577,Alejandro,Semeniuk,asemeniukg0@sakura.ne.jp,Agender,210.64.42.3
578,Atalanta,Pemberton,apembertong1@lycos.com,Female,26.185.244.37
579,Vassili,Legging,vleggingg2@wisc.edu,Female,254.132.154.207
580,Kathy,Kirmond,kkirmondg3@java.com,Female,186.163.76.168
581,Hamil,Reach,hreachg4@g.co,Non-binary,30.209.129.50
582,Eamon,Westpfel,ewestpfelg5@ihg.com,Female,72.187.143.188
583,Jecho,Caws,jcawsg6@free.fr,Agender,138.13.187.20
584,Kara,Orlton,korltong7@bbc.co.uk,Genderqueer,230.189.54.8
585,Leone,Fort,lfortg8@loc.gov,Agender,32.75.122.32
586,Kenna,Shank,kshankg9@eventbrite.com,Bigender,128.169.224.147
587,Griselda,Trotter,gtrotterga@ebay.co.uk,Genderfluid,9.20.2.28
588,Britte,Van Arsdalen,bvanarsdalengb@smh.com.au,Polygender,243.196.194.159
589,Appolonia,Trayton,atraytongc@ed.gov,Polygender,149.116.7.17
590,Dietrich,De Domenico,ddedomenicogd@friendfeed.com,Polygender,100.72.72.255
591,Nickie,Sleit,nsleitge@163.com,Bigender,206.212.132.104
592,Salim,Drejer,sdrejergf@last.fm,Polygender,212.84.72.144
593,Portie,Matthieson,pmatthiesongg@soup.io,Genderqueer,147.20.134.61
594,Gretta,Jeffray,gjeffraygh@istockphoto.com,Polygender,18.120.44.4
595,Graeme,Messer,gmessergi@ucsd.edu,Female,246.209.82.29
596,Petrina,Headington,pheadingtongj@examiner.com,Bigender,48.176.164.245
597,Gerhardt,Vigors,gvigorsgk@shop-pro.jp,Male,229.59.20.51
598,Mara,De Maria,mdemariagl@slashdot.org,Male,106.72.118.188
599,Obie,Paike,opaikegm@unblog.fr,Agender,66.186.13.54
600,Denney,Vossgen,dvossgengn@house.gov,Bigender,249.86.83.97
601,Annmarie,Kalinowsky,akalinowskygo@desdev.cn,Bigender,101.11.89.140
602,Kaleb,Matityahu,kmatityahugp@devhub.com,Genderfluid,224.69.235.14
603,Adrianna,Crow,acrowgq@elpais.com,Non-binary,37.59.50.76
604,Emilio,Aspinal,easpinalgr@npr.org,Genderfluid,14.20.181.173
605,Minni,Cohn,mcohngs@hao123.com,Non-binary,243.135.68.21
606,Berkeley,Bunston,bbunstongt@weibo.com,Genderqueer,168.216.149.14
607,Lib,Phidgin,lphidgingu@ehow.com,Male,90.109.81.142
608,Benedetta,Burdfield,bburdfieldgv@dyndns.org,Male,211.138.106.100
609,Hesther,Pedden,hpeddengw@bravesites.com,Non-binary,80.253.179.218
610,Brantley,Helstrip,bhelstripgx@facebook.com,Polygender,4.195.160.47
611,Zorana,Tethacot,ztethacotgy@ameblo.jp,Genderqueer,252.204.70.89
612,Janetta,Housam,jhousamgz@infoseek.co.jp,Non-binary,187.25.27.253
613,Dede,Schultze,dschultzeh0@whitehouse.gov,Male,249.72.5.104
614,Ramsey,Parke,rparkeh1@ning.com,Polygender,233.172.227.0
615,Ramona,Sorbie,rsorbieh2@people.com.cn,Polygender,189.225.26.44
616,Gibbie,Selvey,gselveyh3@upenn.edu,Agender,16.177.118.146
617,Alphard,Stonall,astonallh4@imgur.com,Non-binary,68.35.1.242
618,Gretta,Gerrell,ggerrellh5@sitemeter.com,Polygender,113.153.45.208
619,Germain,Ivanishev,givanishevh6@cocolog-nifty.com,Genderqueer,64.168.231.170
620,Haley,Gilchrist,hgilchristh7@bloomberg.com,Genderfluid,58.86.169.92
621,Timi,Doumerque,tdoumerqueh8@free.fr,Male,4.178.2.9
622,Lynda,Froude,lfroudeh9@moonfruit.com,Genderqueer,146.154.188.242
623,Mallory,Tuvey,mtuveyha@dmoz.org,Bigender,25.134.78.255
624,Ulysses,Boorn,uboornhb@uol.com.br,Agender,27.41.186.57
625,Carlyn,Tebbitt,ctebbitthc@google.com.br,Bigender,159.233.214.201
626,Cherrita,Wones,cwoneshd@slate.com,Non-binary,64.93.7.148
627,Willa,Gourlie,wgourliehe@ucoz.com,Bigender,49.96.56.47
628,Goldarina,Daveren,gdaverenhf@smh.com.au,Female,95.155.205.13
629,Tris,Spilsbury,tspilsburyhg@amazon.co.jp,Genderqueer,69.35.136.166
630,Van,Caruth,vcaruthhh@naver.com,Agender,110.77.61.51
631,Winthrop,Fargie,wfargiehi@dropbox.com,Polygender,138.112.76.151
632,Arlina,Tuminelli,atuminellihj@gizmodo.com,Non-binary,171.25.63.196
633,Honoria,Kindley,hkindleyhk@yolasite.com,Genderqueer,49.217.34.54
634,April,Prosek,aprosekhl@nifty.com,Genderqueer,205.224.213.114
635,Mano,Dymocke,mdymockehm@bing.com,Female,108.127.242.249
636,Retha,Roseby,rrosebyhn@answers.com,Genderfluid,218.28.191.26
637,Ingar,Minnock,iminnockho@mashable.com,Female,187.12.62.3
638,Thornie,Clementucci,tclementuccihp@theglobeandmail.com,Non-binary,4.8.154.21
639,Ripley,Goucher,rgoucherhq@comcast.net,Polygender,185.186.53.112
640,Sallie,Heeley,sheeleyhr@google.es,Agender,240.173.121.139
641,Elissa,Leechman,eleechmanhs@woothemes.com,Polygender,138.27.4.86
642,Ash,Bushe,abusheht@springer.com,Female,118.109.90.160
643,Dara,Cottem,dcottemhu@comcast.net,Male,23.61.177.31
644,Keary,Ewells,kewellshv@nymag.com,Genderqueer,243.33.220.219
645,Genevieve,Budibent,gbudibenthw@deviantart.com,Polygender,230.107.68.171
646,Scotty,Beacom,sbeacomhx@utexas.edu,Agender,234.55.31.34
647,Freddi,Bunclark,fbunclarkhy@myspace.com,Female,44.183.88.59
648,L;urette,Petranek,lpetranekhz@moonfruit.com,Genderfluid,251.35.156.175
649,Noak,Cribbott,ncribbotti0@latimes.com,Male,73.238.72.234
650,Jillana,Brooksbie,jbrooksbiei1@cbsnews.com,Polygender,80.117.4.28
651,Prudence,Jansie,pjansiei2@usa.gov,Agender,138.57.216.173
652,Nicolina,Siviter,nsiviteri3@webeden.co.uk,Genderqueer,122.100.168.193
653,Lisabeth,Joerning,ljoerningi4@networksolutions.com,Genderfluid,174.206.146.31
654,Abbott,Badini,abadinii5@telegraph.co.uk,Genderfluid,53.38.100.150
655,Amble,Silliman,asillimani6@economist.com,Non-binary,85.67.208.143
656,Dominique,Brachell,dbrachelli7@goo.gl,Non-binary,93.239.245.151
657,Cori,Jatczak,cjatczaki8@paypal.com,Female,83.77.175.220
658,Elbertina,Pescod,epescodi9@constantcontact.com,Bigender,39.161.56.61
659,Gayle,Bault,gbaultia@smugmug.com,Genderfluid,183.223.212.242
660,Beverie,Boome,bboomeib@yandex.ru,Non-binary,108.188.108.235
661,Merlina,Northcliffe,mnorthcliffeic@blogger.com,Agender,183.47.121.150
662,Aldon,Buckam,abuckamid@nydailynews.com,Agender,215.187.145.147
663,Meg,Piers,mpiersie@phoca.cz,Female,210.212.81.34
664,Riva,Dormer,rdormerif@springer.com,Bigender,127.111.185.239
665,Nicol,Eskriet,neskrietig@blogs.com,Genderqueer,253.151.162.127
666,Jareb,Bradshaw,jbradshawih@wikispaces.com,Non-binary,107.103.14.159
667,Fleur,Konke,fkonkeii@taobao.com,Genderqueer,116.65.169.91
668,Marena,Saywood,msaywoodij@thetimes.co.uk,Bigender,141.121.210.58
669,Ira,Dormer,idormerik@uol.com.br,Bigender,14.174.205.127
670,Cynthea,Van de Vlies,cvandevliesil@mapy.cz,Female,103.186.166.43
671,Niko,Side,nsideim@epa.gov,Polygender,183.16.163.92
672,Dorisa,Castagnone,dcastagnonein@ted.com,Female,168.99.80.214
673,Alfred,Fairbanks,afairbanksio@php.net,Genderfluid,238.215.13.33
674,Richard,Burdas,rburdasip@soup.io,Male,234.195.29.249
675,Linzy,Scarsbrooke,lscarsbrookeiq@usgs.gov,Genderfluid,142.177.147.136
676,Robinette,Andrich,randrichir@arizona.edu,Genderqueer,211.17.83.18
677,Elizabeth,Loddon,eloddonis@wunderground.com,Genderfluid,170.101.124.112
678,Monica,Escalero,mescaleroit@zdnet.com,Female,74.178.62.46
679,Marcie,Glew,mglewiu@google.com.au,Male,156.155.16.215
680,Dreddy,Swannick,dswannickiv@wordpress.org,Genderqueer,151.69.141.233
681,Cecil,Jonke,cjonkeiw@creativecommons.org,Genderqueer,214.47.90.177
682,Anestassia,Sturch,asturchix@google.ca,Polygender,16.50.197.231
683,Roberta,Godson,rgodsoniy@i2i.jp,Genderfluid,30.54.11.186
684,Lorinda,Gyenes,lgyenesiz@adobe.com,Female,141.102.160.150
685,Andonis,Gottelier,agottelierj0@weibo.com,Polygender,86.241.228.72
686,Gillie,Dinsmore,gdinsmorej1@moonfruit.com,Bigender,133.162.66.247
687,Dur,Peers,dpeersj2@unblog.fr,Female,43.128.48.161
688,Bettye,Landsberg,blandsbergj3@cam.ac.uk,Non-binary,168.45.114.6
689,Elane,Crosi,ecrosij4@de.vu,Genderqueer,43.236.16.248
690,Marlee,Treleaven,mtreleavenj5@alibaba.com,Female,162.43.37.202
691,Barbaraanne,Mochan,bmochanj6@last.fm,Male,25.197.71.58
692,Lavena,Luisetti,lluisettij7@nydailynews.com,Male,35.239.59.172
693,Sula,Uebel,suebelj8@yahoo.com,Agender,235.228.212.133
694,Meredithe,Ackred,mackredj9@discuz.net,Agender,54.22.17.198
695,Catriona,Frantzen,cfrantzenja@comcast.net,Male,98.100.227.155
696,Georgianna,Tupling,gtuplingjb@godaddy.com,Non-binary,61.227.82.54
697,Oby,Ciccoloi,ociccoloijc@admin.ch,Non-binary,128.174.246.237
698,Lavena,Jeafferson,ljeaffersonjd@merriam-webster.com,Genderfluid,90.104.147.124
699,Juieta,Gailor,jgailorje@boston.com,Male,207.208.229.167
700,Brigid,Gouldstraw,bgouldstrawjf@scientificamerican.com,Bigender,35.163.43.147
701,Amii,Copyn,acopynjg@facebook.com,Genderqueer,51.254.4.101
702,Bondie,Noddles,bnoddlesjh@unicef.org,Genderfluid,32.158.74.130
703,Magda,Kibble,mkibbleji@clickbank.net,Female,20.254.54.47
704,Lynett,Hollingsbee,lhollingsbeejj@drupal.org,Genderqueer,132.25.21.61
705,Earl,Huxton,ehuxtonjk@google.pl,Agender,236.240.102.10
706,Tatum,Sjollema,tsjollemajl@mapy.cz,Genderqueer,102.205.36.254
707,Alix,Turner,aturnerjm@tinypic.com,Non-binary,78.133.213.78
708,Barbette,Klosser,bklosserjn@github.com,Non-binary,44.138.133.161
709,Joscelin,Wildin,jwildinjo@w3.org,Non-binary,254.203.91.49
710,Brande,Bernier,bbernierjp@nationalgeographic.com,Agender,149.13.62.213
711,Lindsay,Eton,letonjq@dailymotion.com,Polygender,167.174.249.28
712,Jewell,Crichley,jcrichleyjr@sina.com.cn,Male,113.94.120.233
713,Ilario,Blesing,iblesingjs@cargocollective.com,Male,178.169.95.45
714,Antonie,Romushkin,aromushkinjt@tiny.cc,Female,54.56.119.94
715,Tedda,Curton,tcurtonju@harvard.edu,Agender,37.172.215.243
716,Claribel,Organer,corganerjv@cloudflare.com,Male,200.183.67.91
717,Germain,Sadgrove,gsadgrovejw@mapy.cz,Bigender,98.180.248.225
718,Lissa,Syddon,lsyddonjx@sbwire.com,Polygender,172.252.169.255
719,Aubine,Killough,akilloughjy@bravesites.com,Bigender,226.196.215.196
720,Darren,Joddins,djoddinsjz@last.fm,Female,137.162.159.53
721,Carolyne,MacAskill,cmacaskillk0@baidu.com,Genderfluid,204.112.126.184
722,Steffi,Kainz,skainzk1@guardian.co.uk,Agender,182.148.5.0
723,Lyon,Danielis,ldanielisk2@cam.ac.uk,Female,77.171.32.48
724,Willette,Kobel,wkobelk3@cisco.com,Genderqueer,101.34.204.47
725,Suzette,Salerg,ssalergk4@scientificamerican.com,Polygender,140.193.225.187
726,Jean,Bonett,jbonettk5@salon.com,Male,229.227.19.173
727,Vanny,Ohrtmann,vohrtmannk6@spotify.com,Bigender,43.32.221.128
728,Benita,Ryley,bryleyk7@home.pl,Bigender,223.163.68.219
729,Raffarty,Howells,rhowellsk8@chronoengine.com,Polygender,161.251.251.179
730,Jermaine,Kielty,jkieltyk9@tmall.com,Genderqueer,81.141.116.26
731,Fedora,Spilisy,fspilisyka@prnewswire.com,Agender,17.244.157.207
732,Cissy,Issac,cissackb@jiathis.com,Non-binary,197.237.245.46
733,Marlee,Briggdale,mbriggdalekc@desdev.cn,Bigender,116.43.226.74
734,Christian,McCaffrey,cmccaffreykd@last.fm,Agender,104.232.82.204
735,Rivkah,Gulberg,rgulbergke@php.net,Genderfluid,216.175.230.88
736,Erinna,Thrasher,ethrasherkf@shop-pro.jp,Female,201.222.76.171
737,Andromache,Gatheral,agatheralkg@angelfire.com,Agender,77.104.92.90
738,Lindsey,Mackison,lmackisonkh@etsy.com,Female,228.208.214.75
739,Marion,Ascough,mascoughki@japanpost.jp,Genderqueer,181.118.43.249
740,Chandler,MacNab,cmacnabkj@nps.gov,Genderfluid,19.94.94.37
741,Raul,Feasby,rfeasbykk@free.fr,Genderfluid,32.143.95.183
742,Malanie,Ogglebie,mogglebiekl@people.com.cn,Bigender,96.214.123.53
743,Glendon,Kochs,gkochskm@ucla.edu,Female,26.237.122.254
744,Florette,Sterricks,fsterrickskn@ovh.net,Genderqueer,148.183.170.234
745,Ericha,Speke,espekeko@google.com.br,Non-binary,101.35.10.241
746,Lorelle,Foskew,lfoskewkp@trellian.com,Polygender,151.168.196.21
747,Pavlov,Summers,psummerskq@homestead.com,Bigender,11.233.89.231
748,Pavia,Kirsche,pkirschekr@tinypic.com,Polygender,180.135.221.244
749,Matty,Fenners,mfennersks@phoca.cz,Bigender,147.149.191.156
750,Tillie,Metheringham,tmetheringhamkt@google.ru,Male,117.161.136.143
751,Samson,Allward,sallwardku@sciencedirect.com,Agender,20.104.91.231
752,Heall,Shorten,hshortenkv@ucoz.ru,Non-binary,160.211.0.168
753,Eberhard,Havill,ehavillkw@discovery.com,Genderfluid,6.104.126.3
754,Sterne,Fugere,sfugerekx@businessweek.com,Female,45.39.151.208
755,Bear,Boadby,bboadbyky@irs.gov,Female,123.64.190.28
756,Bradford,Alliston,ballistonkz@google.co.uk,Polygender,212.5.188.146
757,Erroll,Bagenal,ebagenall0@phoca.cz,Male,134.32.2.155
758,Doyle,Whybrow,dwhybrowl1@census.gov,Genderqueer,252.253.197.200
759,Annabal,Mattschas,amattschasl2@1688.com,Non-binary,222.5.239.31
760,Decca,Burgane,dburganel3@bbc.co.uk,Polygender,101.19.184.52
761,Jean,Huske,jhuskel4@stanford.edu,Agender,197.97.155.85
762,Aundrea,Whoolehan,awhoolehanl5@patch.com,Male,161.104.67.7
763,Vic,Innis,vinnisl6@csmonitor.com,Genderqueer,136.43.38.4
764,Bearnard,Staner,bstanerl7@reference.com,Agender,49.254.6.15
765,Gaston,O'Kinedy,gokinedyl8@dropbox.com,Male,0.233.14.194
766,Siffre,Raigatt,sraigattl9@printfriendly.com,Genderfluid,145.127.180.58
767,Carley,Scade,cscadela@epa.gov,Male,139.55.94.120
768,Jaclyn,Boydon,jboydonlb@imgur.com,Polygender,238.81.33.31
769,Pierette,Hughlin,phughlinlc@blogspot.com,Genderfluid,155.60.138.27
770,Jen,Kornacki,jkornackild@pbs.org,Polygender,50.69.186.183
771,Daryl,Dever,ddeverle@vimeo.com,Genderqueer,9.199.70.96
772,Caro,Bodycombe,cbodycombelf@xing.com,Agender,96.184.110.234
773,Gard,Muddicliffe,gmuddicliffelg@accuweather.com,Genderfluid,0.213.103.169
774,Jaquelyn,Scrivenor,jscrivenorlh@msu.edu,Genderfluid,234.195.96.180
775,Candy,Kirkpatrick,ckirkpatrickli@people.com.cn,Female,160.130.204.246
776,Neala,Goldfinch,ngoldfinchlj@weather.com,Polygender,180.255.131.42
777,Adan,Wyley,awyleylk@about.com,Genderqueer,29.203.0.215
778,Maddie,Patel,mpatelll@vkontakte.ru,Genderfluid,2.79.155.126
779,Kariotta,Davidoff,kdavidofflm@ebay.com,Bigender,129.154.42.218
780,Myrtia,Kiffe,mkiffeln@theatlantic.com,Male,143.115.18.99
781,Rosella,Kropach,rkropachlo@photobucket.com,Genderqueer,92.236.104.58
782,Smitty,Clarage,sclaragelp@mapquest.com,Non-binary,144.21.60.77
783,Davis,Quinney,dquinneylq@unesco.org,Genderfluid,152.154.107.74
784,Cassondra,Rideout,crideoutlr@dmoz.org,Male,244.166.87.217
785,Ravi,Byard,rbyardls@flavors.me,Female,193.69.248.137
786,Preston,Lauchlan,plauchlanlt@mlb.com,Agender,100.137.106.38
787,Shanda,Ragsdale,sragsdalelu@smugmug.com,Polygender,110.126.38.71
788,Josie,Ealden,jealdenlv@flickr.com,Female,212.25.116.148
789,Georgianne,Ringrose,gringroselw@jigsy.com,Female,189.133.176.172
790,Baron,Scrimgeour,bscrimgeourlx@merriam-webster.com,Genderqueer,44.67.251.245
791,Upton,Lodder,ulodderly@mediafire.com,Genderfluid,20.201.80.100
792,Osborn,Donnelly,odonnellylz@paypal.com,Genderfluid,77.125.143.80
793,Codi,Bolino,cbolinom0@upenn.edu,Bigender,63.43.209.217
794,Colby,Sanz,csanzm1@fastcompany.com,Female,82.97.21.148
795,Obie,Silman,osilmanm2@smh.com.au,Agender,71.30.16.84
796,Linnet,Lawtie,llawtiem3@army.mil,Bigender,190.224.95.32
797,Addia,Duberry,aduberrym4@de.vu,Agender,91.103.100.78
798,Glenda,Duquesnay,gduquesnaym5@acquirethisname.com,Female,171.222.135.68
799,Dan,Oultram,doultramm6@tamu.edu,Bigender,100.121.147.60
800,Carey,Jellings,cjellingsm7@barnesandnoble.com,Male,61.145.22.86
801,Thom,Friedenbach,tfriedenbachm8@seattletimes.com,Male,222.109.183.156
802,Zondra,Kline,zklinem9@java.com,Genderfluid,151.254.29.114
803,Franklin,Marrable,fmarrablema@businessweek.com,Polygender,125.48.170.175
804,Catherine,Pearch,cpearchmb@bbc.co.uk,Genderqueer,111.98.142.5
805,Corena,Tinner,ctinnermc@webs.com,Female,195.28.19.80
806,Eleen,Bullus,ebullusmd@sitemeter.com,Female,41.161.131.89
807,Michal,Stanborough,mstanboroughme@tuttocitta.it,Bigender,185.252.165.177
808,Fania,Bartles,fbartlesmf@google.pl,Genderfluid,109.184.221.199
809,Stavro,Goodisson,sgoodissonmg@webs.com,Non-binary,114.204.129.46
810,Georgi,Human,ghumanmh@flavors.me,Male,191.228.135.196
811,Terese,Gandy,tgandymi@go.com,Genderqueer,67.122.27.160
812,Marcelline,O'Monahan,momonahanmj@yelp.com,Bigender,112.89.243.188
813,Devin,Vesty,dvestymk@cargocollective.com,Non-binary,55.102.19.30
814,Brittany,Humbie,bhumbieml@squarespace.com,Female,70.199.195.245
815,Pearla,Wolfit,pwolfitmm@diigo.com,Genderqueer,114.99.162.61
816,Ana,Fritz,afritzmn@apple.com,Agender,228.13.189.49
817,Terrell,Perroni,tperronimo@sun.com,Bigender,30.219.121.51
818,Lauren,Winspur,lwinspurmp@yandex.ru,Male,137.158.91.45
819,Marielle,Haddinton,mhaddintonmq@ehow.com,Genderfluid,170.78.19.194
820,Leelah,Cowdry,lcowdrymr@adobe.com,Genderqueer,81.53.24.73
821,Lynnea,Hanfrey,lhanfreyms@symantec.com,Genderfluid,254.128.23.220
822,Brewster,Skirrow,bskirrowmt@cbslocal.com,Male,140.115.24.18
823,Martyn,Lendon,mlendonmu@xrea.com,Genderqueer,180.90.172.30
824,Eziechiele,Malham,emalhammv@mapy.cz,Male,135.104.164.67
825,Robbie,Godber,rgodbermw@rediff.com,Polygender,164.28.48.252
826,Filip,Jankiewicz,fjankiewiczmx@usatoday.com,Polygender,148.2.145.35
827,Leeann,Bellward,lbellwardmy@elegantthemes.com,Agender,241.140.132.134
828,Ambros,Longstreeth,alongstreethmz@cpanel.net,Non-binary,69.181.218.3
829,Gustavus,Corre,gcorren0@posterous.com,Non-binary,142.75.89.245
830,Benedicto,Rawstorne,brawstornen1@ucla.edu,Male,115.202.58.253
831,Ella,Leggitt,eleggittn2@toplist.cz,Agender,102.11.177.140
832,Darsie,Sewter,dsewtern3@utexas.edu,Male,134.181.251.127
833,Antonia,Rouch,arouchn4@usda.gov,Agender,206.50.66.70
834,Finley,Dines,fdinesn5@google.co.jp,Genderfluid,75.43.1.55
835,Nickey,Chandler,nchandlern6@auda.org.au,Male,123.187.71.143
836,Danyelle,Alger,dalgern7@typepad.com,Polygender,87.174.123.180
837,Bettina,Challenor,bchallenorn8@yolasite.com,Non-binary,91.108.68.43
838,Elsworth,Kobke,ekobken9@weebly.com,Agender,24.41.183.9
839,Hillery,Murrells,hmurrellsna@telegraph.co.uk,Polygender,176.163.143.75
840,Leora,Orto,lortonb@princeton.edu,Genderqueer,61.185.104.151
841,Robinet,Adcocks,radcocksnc@tripod.com,Bigender,180.15.36.197
842,Luke,Antonchik,lantonchiknd@biblegateway.com,Genderfluid,106.121.38.35
843,Velvet,Renard,vrenardne@disqus.com,Non-binary,19.99.53.190
844,Gusty,Taleworth,gtaleworthnf@smugmug.com,Polygender,245.162.94.243
845,Alexei,Maultby,amaultbyng@nymag.com,Agender,252.149.58.98
846,Christa,Hatwell,chatwellnh@exblog.jp,Non-binary,132.23.29.184
847,Kelsi,Gillyett,kgillyettni@nymag.com,Genderqueer,152.241.102.17
848,Randell,Bennoe,rbennoenj@who.int,Non-binary,158.147.34.201
849,Nadiya,Yakutin,nyakutinnk@businesswire.com,Genderqueer,102.189.164.223
850,Morly,Blasoni,mblasoninl@creativecommons.org,Genderqueer,143.21.50.245
851,Paolina,Lemmanbie,plemmanbienm@si.edu,Non-binary,139.248.234.130
852,Gardner,Blazynski,gblazynskinn@addtoany.com,Female,55.206.138.178
853,Bibbie,Stares,bstaresno@soundcloud.com,Agender,167.226.81.248
854,Berke,Beardall,bbeardallnp@exblog.jp,Polygender,232.118.253.242
855,Vevay,Ledwith,vledwithnq@privacy.gov.au,Polygender,108.65.83.116
856,Bronny,Gannan,bgannannr@dagondesign.com,Female,38.43.68.195
857,Cathie,Kynett,ckynettns@sbwire.com,Agender,181.146.70.122
858,Charlotta,Runnalls,crunnallsnt@wisc.edu,Male,109.155.204.35
859,Arte,Wadley,awadleynu@51.la,Female,162.210.217.103
860,Christin,Garroch,cgarrochnv@parallels.com,Female,6.35.90.27
861,Dewitt,Brigham,dbrighamnw@unicef.org,Polygender,131.204.242.165
862,Esra,Lapham,elaphamnx@unesco.org,Bigender,211.195.211.167
863,Zuzana,Addy,zaddyny@flavors.me,Polygender,83.60.105.229
864,Edgard,Dondon,edondonnz@blogtalkradio.com,Polygender,115.201.49.33
865,Leroi,Scales,lscaleso0@elegantthemes.com,Agender,51.91.235.223
866,Bebe,Fenn,bfenno1@tumblr.com,Polygender,251.27.54.237
867,Allianora,Grime,agrimeo2@economist.com,Polygender,185.110.93.27
868,Lila,Kolczynski,lkolczynskio3@sciencedirect.com,Female,8.172.51.201
869,Glenn,Wotherspoon,gwotherspoono4@squarespace.com,Bigender,252.54.98.153
870,Cristionna,Ioselevich,cioselevicho5@salon.com,Non-binary,1.138.177.187
871,Joshia,Alen,jaleno6@domainmarket.com,Non-binary,155.201.197.140
872,Harlene,Dike,hdikeo7@meetup.com,Non-binary,223.226.160.184
873,Anabella,Oulner,aoulnero8@umn.edu,Agender,227.8.167.85
874,Wilmer,Fernyhough,wfernyhougho9@reference.com,Genderfluid,153.36.130.228
875,Kayla,Joyes,kjoyesoa@cyberchimps.com,Agender,68.26.194.11
876,Lynde,Pandie,lpandieob@dmoz.org,Polygender,218.132.233.80
877,Kipper,Duiguid,kduiguidoc@indiatimes.com,Non-binary,193.112.160.170
878,Amelia,Boyles,aboylesod@tiny.cc,Polygender,95.226.188.252
879,Feliza,Eyres,feyresoe@mashable.com,Male,100.227.3.254
880,Lorant,Laphorn,llaphornof@mozilla.org,Genderfluid,181.91.139.87
881,Doug,Webley,dwebleyog@google.com.br,Genderqueer,103.114.96.220
882,Doloritas,Ellershaw,dellershawoh@privacy.gov.au,Male,6.254.14.82
883,Calvin,Coaster,ccoasteroi@fotki.com,Genderfluid,23.134.120.195
884,Court,Welfair,cwelfairoj@pagesperso-orange.fr,Genderfluid,89.87.54.46
885,Marthe,Tole,mtoleok@smh.com.au,Bigender,98.104.200.254
886,Shaine,Haruard,sharuardol@blog.com,Polygender,73.122.245.60
887,Igor,Quince,iquinceom@flavors.me,Genderfluid,198.71.6.64
888,Hillery,Knottley,hknottleyon@seesaa.net,Genderfluid,73.51.37.16
889,Emmerich,Bathow,ebathowoo@chron.com,Genderqueer,128.142.125.4
890,Benedicta,Lindelof,blindelofop@ft.com,Female,19.72.19.42
891,Rogers,Oldknowe,roldknoweoq@t.co,Agender,3.143.35.35
892,Marchelle,MacNeilley,mmacneilleyor@altervista.org,Female,57.49.216.220
893,Jerry,Camelia,jcameliaos@a8.net,Female,210.126.24.5
894,Benedicto,Cawdell,bcawdellot@nasa.gov,Genderqueer,249.230.209.106
895,Sayre,Walewicz,swalewiczou@alibaba.com,Male,233.90.140.108
896,Faina,Lyne,flyneov@nydailynews.com,Female,138.119.181.183
897,Pearle,Prichard,pprichardow@technorati.com,Genderfluid,222.47.41.172
898,Hildagard,McNeil,hmcneilox@google.de,Female,33.147.234.56
899,Geno,Tydeman,gtydemanoy@storify.com,Genderqueer,92.134.148.61
900,Mercy,Berford,mberfordoz@shop-pro.jp,Non-binary,201.224.57.117
901,Jaime,Giraudou,jgiraudoup0@state.gov,Genderqueer,91.48.105.77
902,Ermin,Offener,eoffenerp1@diigo.com,Genderfluid,193.236.153.144
903,Jojo,Clewlow,jclewlowp2@skyrock.com,Non-binary,49.127.85.58
904,Rodrigo,Belvin,rbelvinp3@taobao.com,Agender,225.223.0.138
905,Chester,Kondrat,ckondratp4@seesaa.net,Agender,254.208.214.170
906,Curry,Leaton,cleatonp5@imageshack.us,Male,203.196.206.83
907,Geri,Bussens,gbussensp6@cnn.com,Bigender,99.14.87.122
908,Franchot,Finnimore,ffinnimorep7@cmu.edu,Agender,20.188.184.42
909,Abel,Jiroutek,ajiroutekp8@moonfruit.com,Non-binary,145.48.210.20
910,Moss,Doby,mdobyp9@washington.edu,Bigender,173.255.119.211
911,Boonie,Berni,bbernipa@wired.com,Agender,34.200.66.39
912,Dalia,Slocombe,dslocombepb@webeden.co.uk,Male,13.88.40.62
913,Bertha,Tappor,btapporpc@comsenz.com,Female,24.208.147.72
914,Rozalin,Worrell,rworrellpd@ucla.edu,Bigender,8.134.223.231
915,Aron,Janaszkiewicz,ajanaszkiewiczpe@goo.ne.jp,Male,97.192.5.165
916,Fair,Cowles,fcowlespf@opera.com,Genderqueer,182.158.27.247
917,Merrie,Halliday,mhallidaypg@ucoz.ru,Genderqueer,33.15.103.21
918,Rozalie,Southwood,rsouthwoodph@npr.org,Agender,127.21.188.238
919,Luci,Fairlem,lfairlempi@ucoz.com,Bigender,104.144.230.185
920,Guglielma,Antonnikov,gantonnikovpj@ameblo.jp,Non-binary,142.163.177.117
921,Laetitia,Worboy,lworboypk@tumblr.com,Polygender,139.199.5.104
922,Rhiamon,Cisco,rciscopl@merriam-webster.com,Male,141.87.63.217
923,Candide,Alders,calderspm@ameblo.jp,Male,233.235.43.24
924,Emera,Bagniuk,ebagniukpn@upenn.edu,Genderfluid,142.60.117.145
925,Reagen,Adamczewski,radamczewskipo@unesco.org,Agender,125.94.6.219
926,Thane,Brodway,tbrodwaypp@earthlink.net,Genderqueer,1.255.43.148
927,Josy,Sam,jsampq@upenn.edu,Female,24.91.147.30
928,Auberta,Wasbrough,awasbroughpr@about.me,Genderfluid,157.143.174.202
929,Elna,Overell,eoverellps@adobe.com,Male,85.5.83.199
930,Celisse,Beet,cbeetpt@ustream.tv,Agender,49.5.62.87
931,Neddie,Daveren,ndaverenpu@sohu.com,Genderfluid,77.59.88.190
932,Vittoria,Algie,valgiepv@gravatar.com,Polygender,72.129.190.77
933,Ofella,Ibbison,oibbisonpw@wisc.edu,Agender,52.179.212.227
934,Barnie,Ivanin,bivaninpx@epa.gov,Genderqueer,171.92.232.24
935,Jabez,Wardel,jwardelpy@jigsy.com,Non-binary,65.58.49.207
936,Kary,Edgerley,kedgerleypz@youku.com,Genderqueer,12.132.4.236
937,Amalia,Duchenne,aduchenneq0@earthlink.net,Genderqueer,128.138.49.4
938,Noelle,Frenzl,nfrenzlq1@utexas.edu,Polygender,170.40.223.85
939,Penny,Shank,pshankq2@booking.com,Genderqueer,124.194.188.236
940,Barret,Drewes,bdrewesq3@icq.com,Bigender,210.246.38.139
941,Kristofor,Gambrell,kgambrellq4@ask.com,Agender,222.121.57.53
942,Reuben,Bevar,rbevarq5@photobucket.com,Male,137.83.83.240
943,Jdavie,Flea,jfleaq6@auda.org.au,Polygender,108.7.160.126
944,Genni,Nelsen,gnelsenq7@boston.com,Polygender,235.31.8.17
945,Agnes,Zeale,azealeq8@ucoz.com,Male,8.127.90.53
946,Lambert,Scadding,lscaddingq9@blogspot.com,Male,55.136.21.215
947,Mirelle,Tett,mtettqa@merriam-webster.com,Female,19.94.124.124
948,Car,Ingry,cingryqb@google.com.au,Bigender,134.126.188.117
949,Mercie,Postans,mpostansqc@seattletimes.com,Bigender,208.50.192.177
950,Naomi,Taffarello,ntaffarelloqd@fotki.com,Non-binary,84.49.118.154
951,Nilson,Muldownie,nmuldownieqe@vk.com,Polygender,6.124.102.14
952,Rey,Bemwell,rbemwellqf@ycombinator.com,Genderqueer,149.53.173.250
953,Cathleen,Goranov,cgoranovqg@ovh.net,Genderqueer,48.160.189.67
954,Gerianna,Roiz,groizqh@histats.com,Genderfluid,146.35.52.105
955,Felicity,Jeanin,fjeaninqi@google.fr,Genderqueer,93.60.51.153
956,Sybyl,Pinkard,spinkardqj@gizmodo.com,Bigender,0.61.223.206
957,Sari,Houltham,shoulthamqk@wsj.com,Non-binary,6.184.75.1
958,Audrey,Veque,avequeql@bigcartel.com,Female,84.168.97.64
959,Sumner,Heisham,sheishamqm@163.com,Polygender,185.41.202.59
960,Mallorie,Tuminini,mtumininiqn@instagram.com,Female,174.238.241.165
961,Goldie,Segar,gsegarqo@spotify.com,Bigender,228.93.104.158
962,Galven,Vasishchev,gvasishchevqp@github.io,Male,192.246.249.210
963,Hazel,Mougin,hmouginqq@fda.gov,Polygender,67.105.8.44
964,Bear,Teale,btealeqr@bloomberg.com,Bigender,29.125.238.157
965,Eb,Manwell,emanwellqs@boston.com,Bigender,20.144.168.103
966,Cissiee,Spinola,cspinolaqt@chronoengine.com,Polygender,22.147.124.164
967,Sergent,Sandison,ssandisonqu@tripadvisor.com,Genderfluid,204.101.180.41
968,Franklin,Real,frealqv@earthlink.net,Agender,178.83.193.126
969,Max,Fortey,mforteyqw@rambler.ru,Male,106.242.115.109
970,Felic,Turk,fturkqx@va.gov,Bigender,76.38.156.62
971,Olia,Adess,oadessqy@reference.com,Male,233.250.131.175
972,Raymond,Argile,rargileqz@aol.com,Agender,171.239.110.118
973,Ulysses,Tewelson,utewelsonr0@sun.com,Bigender,222.51.20.235
974,Mariquilla,Callister,mcallisterr1@soundcloud.com,Male,98.113.29.250
975,Cristina,Bulfield,cbulfieldr2@house.gov,Non-binary,11.248.67.72
976,Rob,Duffrie,rduffrier3@furl.net,Bigender,136.95.66.130
977,Robers,Dunford,rdunfordr4@va.gov,Non-binary,36.181.23.149
978,Tansy,Stripling,tstriplingr5@alexa.com,Male,142.182.213.29
979,Kylila,Bonavia,kbonaviar6@businessinsider.com,Female,93.153.102.68
980,Tabbatha,Dobrowlski,tdobrowlskir7@ox.ac.uk,Bigender,24.133.18.77
981,Brigg,Readshaw,breadshawr8@wikimedia.org,Male,220.159.164.8
982,Alys,Shirley,ashirleyr9@alibaba.com,Polygender,248.151.127.64
983,Chrisy,Hildred,childredra@illinois.edu,Bigender,249.26.83.58
984,Durante,Pabel,dpabelrb@cnbc.com,Bigender,127.25.237.118
985,Jacynth,Littler,jlittlerrc@dropbox.com,Non-binary,107.74.240.1
986,Frances,Dykes,fdykesrd@mediafire.com,Male,138.17.94.118
987,Avie,Clothier,aclothierre@issuu.com,Male,129.89.243.231
988,Rourke,Newlin,rnewlinrf@freewebs.com,Female,184.232.34.197
989,Rheba,Sapseed,rsapseedrg@networksolutions.com,Non-binary,186.115.175.131
990,Catherina,Casterou,ccasterourh@shinystat.com,Non-binary,102.167.1.76
991,Quint,Kolin,qkolinri@so-net.ne.jp,Female,183.253.173.107
992,Karlotte,Wogan,kwoganrj@51.la,Genderfluid,78.140.179.104
993,Jacques,Klebes,jklebesrk@etsy.com,Female,81.30.158.195
994,Johan,Boman,jbomanrl@sakura.ne.jp,Agender,231.244.202.123
995,Micheil,Roberts,mrobertsrm@theguardian.com,Bigender,186.175.124.90
996,Huntington,Machans,hmachansrn@booking.com,Non-binary,240.100.93.65
997,Merilyn,Ahrendsen,mahrendsenro@wisc.edu,Male,12.130.8.223
998,Keri,Cawthra,kcawthrarp@discovery.com,Polygender,234.74.245.39
999,Tina,O'Kenny,tokennyrq@webnode.com,Bigender,156.0.175.40
1000,Alina,Cino,acinorr@dion.ne.jp,Female,29.52.248.242
